<?xml version="1.0" encoding="UTF-8"?>
<java version="1.7.0_05" class="java.beans.XMLDecoder">
 <object class="java.util.ArrayList">
  <void method="add">
   <object class="A00580605.lab.data.Student">
    <void property="birthDate">
     <object class="java.util.GregorianCalendar">
      <void property="time">
       <object class="java.util.Date">
        <long>483004800000</long>
       </object>
      </void>
     </object>
    </void>
    <void property="firstName">
     <string>Fred</string>
    </void>
    <void property="lastName">
     <string>Fish</string>
    </void>
    <void property="studentNumber">
     <string>A00234567</string>
    </void>
   </object>
  </void>
  <void method="add">
   <object class="A00580605.lab.data.Student">
    <void property="birthDate">
     <object class="java.util.GregorianCalendar">
      <void property="time">
       <object class="java.util.Date">
        <long>-333133200000</long>
       </object>
      </void>
     </object>
    </void>
    <void property="firstName">
     <string>Bullwinkle</string>
    </void>
    <void property="lastName">
     <string>Moose</string>
    </void>
    <void property="studentNumber">
     <string>A00123456</string>
    </void>
   </object>
  </void>
  <void method="add">
   <object class="A00580605.lab.data.Student">
    <void property="birthDate">
     <object class="java.util.GregorianCalendar">
      <void property="time">
       <object class="java.util.Date">
        <long>-97344000000</long>
       </object>
      </void>
     </object>
    </void>
    <void property="firstName">
     <string>Terrance</string>
    </void>
    <void property="lastName">
     <string>Turtle</string>
    </void>
    <void property="studentNumber">
     <string>A00345678</string>
    </void>
   </object>
  </void>
 </object>
</java>
